method,n_datasets,mean_f1,mean_rank,win_count
csta_topk_uniform_top5,7,0.6055849843275843,1.2857142857142858,5
no_aug,7,0.5884882414041943,1.7142857142857142,2
