method,n_datasets,mean_f1,mean_rank,win_count
csta_topk_uniform_top5,3,0.9423950741059001,2.0,1
random_cov_state,3,0.9407111719779672,3.0,1
ag_target_direct,3,0.9395635924111451,3.6666666666666665,0
dba_sameclass,3,0.9366234043884969,4.666666666666667,0
wdba_sameclass,3,0.9396192906101565,5.0,1
ag_pia_single,3,0.934044897409502,5.666666666666667,0
pca_cov_state,3,0.9337798625171844,7.0,0
ag_pia_multihead5,3,0.9323180634677758,7.0,0
csta_template_random_within_bank,3,0.9286200119459466,7.0,0
