dataset,method,aug_f1_mean,aug_f1_std,gain_mean,gain_std,best_val_f1_mean,aug_count_mean,actual_aug_ratio_mean,n_seeds
atrialfibrillation,csta_topk_uniform_top5,0.26854256854256847,0.10282668713089323,0.033999333999334004,0.1802848026181287,0.7037037037037036,120.0,10.0,3
ering,csta_topk_uniform_top5,0.8205151780046046,0.05623328413328154,0.07359377016000805,0.12405371550840207,0.9259259259259259,240.0,10.0,3
handwriting,csta_topk_uniform_top5,0.4680564886832321,0.011426032686779424,0.06795647099545575,0.01736148820365972,0.41865588115588115,1200.0,10.0,3
libras,csta_topk_uniform_top5,0.8674927711586049,0.057510021177380584,0.30699576250958627,0.5274836473226423,0.903068783068783,1440.0,10.0,3
racketsports,csta_topk_uniform_top5,0.8877814485757538,0.007457931092273792,0.01817394890372955,0.006226852950702653,0.9606481481481483,1200.0,10.0,3
