dataset,method,aug_f1_mean,aug_f1_std,gain_mean,gain_std,best_val_f1_mean,aug_count_mean,actual_aug_ratio_mean,n_seeds
atrialfibrillation,csta_topk_uniform_top5,0.2521108521108521,0.0510972000615014,0.056125356125356185,0.13496273868528846,0.8518518518518517,120.0,10.0,3
atrialfibrillation,csta_top1_current,0.20960228854965693,0.14141363326146814,0.013616792564161003,0.1986152715952281,0.8518518518518517,120.0,10.0,3
atrialfibrillation,csta_template_random_within_bank,0.14998334998334992,0.0639177462937524,-0.04600214600214603,0.16030880530816274,0.7037037037037036,120.0,10.0,3
ering,csta_topk_uniform_top5,0.8418973862161728,0.07017043813066591,0.07660397540096837,0.12960109264571493,0.9259259259259259,240.0,10.0,3
ering,csta_template_random_within_bank,0.7844608853349647,0.1038657703690052,0.019167474519760308,0.09118579710655235,0.9259259259259259,240.0,10.0,3
ering,csta_top1_current,0.7293272445770255,0.1031137412479387,-0.03596616623817898,0.23191147701262801,1.0,240.0,10.0,3
handmovementdirection,csta_topk_uniform_top5,0.30739571727831994,0.05460815762982399,0.08664022825183539,0.029594385801952238,0.3970352564102564,1280.0,10.0,2
handmovementdirection,csta_top1_current,0.2973495510437857,0.04564085909774566,0.07659406201730116,0.02062708726987393,0.4081523803853525,1280.0,10.0,2
handmovementdirection,csta_template_random_within_bank,0.2709343959343959,,0.0324914992253702,,0.4,1280.0,10.0,1
