dataset,method,aug_f1_mean,aug_f1_std,gain_mean,gain_std,best_val_f1_mean,aug_count_mean,actual_aug_ratio_mean,n_seeds
har,raw_aug_jitter,0.9596370183550359,,0.02410799211727166,,0.9993727931337353,58810.0,10.0,1
natops,raw_aug_timewarp,0.9628856711377471,0.017920637559736375,0.04124313885457095,0.022348797959234095,0.9726384726384727,1440.0,10.0,3
natops,dba_sameclass,0.9572815415000319,0.003189264695032372,0.03563900921685559,0.017856528443824713,0.972027972027972,1440.0,10.0,3
natops,raw_aug_scaling,0.9532802159934785,0.027640831394789674,0.03163768371030221,0.02926453809290585,0.9720279720279721,1440.0,10.0,3
natops,raw_aug_jitter,0.9483508232341217,0.012355759753940125,0.026708290950945474,0.0033893755446877533,0.9720279720279721,1440.0,10.0,3
natops,wdba_sameclass,0.9471451759840152,0.011636287485505716,0.02550264370083899,0.005438061420117272,0.9813519813519814,1440.0,10.0,3
natops,raw_mixup,0.9296079267520693,0.01817994816978873,0.007965394468893142,0.012887531742124786,0.9633144633144634,1440.0,10.0,3
natops,raw_smote_flatten_balanced,0.9216425322831762,0.015157924845746013,0.0,0.0,0.9726384726384727,0.0,0.0,3
