dataset,method,aug_f1_mean,aug_f1_std,gain_mean,gain_std,best_val_f1_mean,aug_count_mean,actual_aug_ratio_mean,n_seeds
natops,csta_topk_uniform_top5,0.9236361192684291,0.003437021259856384,0.016309564627737878,0.018813428856767126,0.0,1440.0,10.0,3
natops,no_aug,0.9073265546406913,0.019709532478439214,0.0,0.0,,0.0,0.0,3
