dataset,method,aug_f1_mean,aug_f1_std,gain_mean,gain_std,best_val_f1_mean,aug_count_mean,actual_aug_ratio_mean,n_seeds
racketsports,csta_topk_uniform_top5,0.8826759534065083,0.024990031533569757,0.002301935071090888,0.0030998607212884264,0.0,1200.0,10.0,2
racketsports,no_aug,0.8796530211441954,0.01552898257918647,0.0,0.0,,0.0,0.0,3
