dataset,method,aug_f1_mean,aug_f1_std,gain_mean,gain_std,best_val_f1_mean,aug_count_mean,actual_aug_ratio_mean,n_seeds
atrialfibrillation,wdba_sameclass,0.3112763779430446,0.02308981197149801,0.07673314339981006,0.095717890141267,0.8518518518518517,120.0,10.0,3
ering,wdba_sameclass,0.7726425828702798,0.08585020861739956,0.025721175025683274,0.10485195993912999,0.9259259259259259,240.0,10.0,3
handwriting,wdba_sameclass,0.40327345356016026,0.04011341520294548,0.003173435872383945,0.05586566038702837,0.3726851851851851,1200.0,10.0,3
libras,wdba_sameclass,0.8878378194299182,0.03301640385003017,0.3273408107808996,0.45388563577834246,0.8834920634920636,1440.0,10.0,3
racketsports,wdba_sameclass,0.8968577312346772,0.012581804056452877,0.02725023156265305,0.025650419761529725,0.9704506363949088,1200.0,10.0,3
