dataset,method,aug_f1_mean,aug_f1_std,gain_mean,gain_std,best_val_f1_mean,aug_count_mean,actual_aug_ratio_mean,n_seeds
handwriting,csta_topk_uniform_top5,0.47913909301978247,0.007949437034172585,0.08403969688421448,0.009574387957932385,0.0,1200.0,10.0,3
handwriting,no_aug,0.395099396135568,0.01650921813682479,0.0,0.0,,0.0,0.0,3
