dataset,method,aug_f1_mean,aug_f1_std,gain_mean,gain_std,best_val_f1_mean,aug_count_mean,actual_aug_ratio_mean,n_seeds
articularywordrecognition,csta_topk_uniform_top5,0.9797708481534567,0.006062159447904349,0.016663909359561562,0.0059655112973045765,0.9816507936507938,2200.0,10.0,3
epilepsy,csta_topk_uniform_top5,0.9714943308852239,0.0004958398109402933,0.013048092140054238,0.02186041672403373,1.0,1090.0,10.0,3
handmovementdirection,csta_topk_uniform_top5,0.2723931737766877,0.03121677247031496,0.06270189920867104,0.007994747477931195,0.36752671890925126,1280.0,10.0,3
japanesevowels,csta_topk_uniform_top5,0.9785341333074079,0.0069528804284001424,0.012383174275029033,0.012729027076391956,0.9875679875679877,2160.0,10.0,3
pendigits,csta_topk_uniform_top5,0.9852420447660474,0.003762410826942357,0.002217632538239108,0.0030085327268434816,0.9984503755019233,59950.0,10.0,3
