method,n_datasets,mean_f1,mean_rank,win_count
task_guided_latent_residual_flow,3,0.9450587989907947,3.0,1
random_cov_state,3,0.9407111719779672,3.3333333333333335,1
csta_topk_uniform_top5,3,0.9423950741059001,3.6666666666666665,0
latent_residual_flow,3,0.9386452174831091,4.666666666666667,0
wdba_sameclass,3,0.9396192906101565,5.0,1
dba_sameclass,3,0.9366234043884969,5.666666666666667,0
lc_latent_residual_flow,3,0.9347246146556337,5.666666666666667,0
lc_residual_direct,3,0.936935478783274,6.0,0
csta_template_random_within_bank,3,0.9286200119459466,8.0,0
