method,n_datasets,mean_f1,mean_rank,win_count
csta_topk_uniform_top5,3,0.9423950741059001,3.3333333333333335,0
random_cov_state,3,0.9407111719779672,3.3333333333333335,1
ag_target_direct,3,0.936675925173588,4.333333333333333,0
dba_sameclass,3,0.9366234043884969,4.666666666666667,0
ag_pia_single,3,0.9352888679332696,5.0,0
ag_pia_multihead5,3,0.9346020798864165,5.0,1
wdba_sameclass,3,0.9396192906101565,5.333333333333333,1
pca_cov_state,3,0.9337798625171844,7.0,0
csta_template_random_within_bank,3,0.9286200119459466,7.0,0
