dataset,method,aug_f1_mean,aug_f1_std,gain_mean,gain_std,best_val_f1_mean,aug_count_mean,actual_aug_ratio_mean,n_seeds
handwriting,random_cov_state,0.480551825135495,0.015013867086140099,0.08545242899992699,0.007652511626793576,,1200.0,10.0,3
handwriting,pca_cov_state,0.47994446492555953,0.0190340837712823,0.0848450687899915,0.008325680743660793,,1200.0,10.0,3
