dataset,method,aug_f1_mean,aug_f1_std,gain_mean,gain_std,best_val_f1_mean,aug_count_mean,actual_aug_ratio_mean,n_seeds
libras,csta_topk_uniform_top5,0.8940627745183364,0.022872506133610648,0.0028700573470471133,0.009047042356232464,0.0,1440.0,10.0,3
libras,no_aug,0.8911927171712892,0.029049086565692498,0.0,0.0,,0.0,0.0,3
