dataset,method,aug_f1_mean,aug_f1_std,gain_mean,gain_std,best_val_f1_mean,aug_count_mean,actual_aug_ratio_mean,n_seeds
basicmotions,csta_topk_uniform_top5,1.0,0.0,0.0,0.0,1.0,320.0,10.0,3
ethanolconcentration,csta_topk_uniform_top5,0.27421298970049424,0.02939472251013186,-0.004940705404933752,0.007572481085273216,0.40735648132199853,2080.0,10.0,3
har,csta_topk_uniform_top5,0.9553691732491746,0.003947949667689935,0.020474229777689017,0.004517373191809997,0.997700034418175,58810.0,10.0,3
motorimagery,csta_topk_uniform_top5,0.4486584126953809,0.06732509617945091,0.012505204071286913,0.05499116238336926,0.5633118889292935,2220.0,10.0,3
selfregulationscp2,csta_topk_uniform_top5,0.4638288066312343,0.04382104707552169,0.013088263930042476,0.09879004127099572,0.6235613126677998,1600.0,10.0,3
