dataset,method,aug_f1_mean,aug_f1_std,gain_mean,gain_std,best_val_f1_mean,aug_count_mean,actual_aug_ratio_mean,n_seeds
cricket,csta_topk_uniform_top5,0.9813843563843564,0.01612169342034551,-0.00929163429163434,0.008046937875877338,1.0,860.0,10.0,3
fingermovements,csta_topk_uniform_top5,0.5289125965573828,0.019479775255389353,0.04829226236375974,0.03526287912237681,0.6592481217325735,2520.0,10.0,3
heartbeat,csta_topk_uniform_top5,0.6554403285887614,0.029992120997410845,0.0024133103002577836,0.04665077138278918,0.6938279784159853,1630.0,10.0,3
natops,csta_topk_uniform_top5,0.9608696404345388,0.005711285449272913,0.03922710815136262,0.013092921635537373,0.9813519813519814,1440.0,10.0,3
uwavegesturelibrary,csta_topk_uniform_top5,0.7900257724292011,0.02127038066098667,0.08067367592973866,0.05228554342485101,0.905952380952381,960.0,10.0,3
